CREATE TABLE STUDENT_T
(
  StudentID NUMBER NOT NULL,
  StudentName VARCHAR2(25) NOT NULL,
  CONSTRAINT Student_PK PRIMARY KEY (StudentID)
);

INSERT INTO STUDENT_T (StudentID, StudentName)
VALUES (38214,'Letersky');
INSERT INTO STUDENT_T (StudentID, StudentName)
VALUES (54907,'Altvater');
INSERT INTO STUDENT_T (StudentID, StudentName)
VALUES (66324, 'Aiken');
INSERT INTO STUDENT_T (StudentID, StudentName)
VALUES (70542, 'Marra');
INSERT INTO STUDENT_T (StudentID, StudentName)
VALUES (54907,'Altvater');
INSERT INTO STUDENT_T (StudentID, StudentName)
VALUES (65798, 'Lopez');
INSERT INTO STUDENT_T
VALUES (65798, 'Lopez');
DELETE FROM STUDENT_T
WHERE StudentName = 'Lopez';

SELECT COUNT(StudentID) FROM REGISTRATION_T WHERE SectionNo=2714 AND Semester='I-2008';

SELECT COUNT (StudentID)FROM SECTION_T, REGISTRATION_T WHERE SECTION_T.SectionNo = REGISTRATION_T.SectionNo AND CourseID = 'ISM 3113' AND Semester = 'I-2008';


SELECT STUDENT_T.StudentID, STUDENT_T.StudentName, SECTION_T.CourseID, REGISTRATION_T.SectionNo, SECTION_T.Semester FROM STUDENT_T, REGISTRATION_T, SECTION_T WHERE SectionNo.SectionNo= REGISTRATION_T.SectionNo AND STUDENT_T.StudentID = REGISTRATION_T.StudentID AND REGISTRATION_T.SectionNo=2714 ORDER BY StudentName;

SELECT CourseID, CourseName FROM COURSE_T WHERE CourseID LIKE 'ISM%';


CREATE TABLE FACULTY_T
(
  FacultyID NUMBER not null,
  FacultyName   VARCHAR2(40) NOT NULL,
  CONSTRAINT Faculty_PK PRIMARY KEY (FacultyID)
);

INSERT INTO FACULTY_T (FacultyID, FacultyName)
VALUES (2143, 'Birkin');
INSERT INTO FACULTY_T (FacultyID, FacultyName)
VALUES (3467, 'Berndt');
INSERT INTO FACULTY_T (FacultyID, FacultyName)
VALUES (4756, 'Collins');

SELECT FACULTY_T.FacultyName FROM FACULTY_T, COURSE_T.CourseID, QUALIFIED_T WHERE FACULTY_T.FacultyName = 'Berndt' AND FACULTY_T.FacultyID= QUALIFIED_T.FacultyID AND COURSE_T.CourseID=QUALIFIED_T.CourseID;

SELECT FACULTY_T.FacultyID, FACULTY_T.FacultyName FROM FACULTY_T, QUALIFIED_T WHERE QUALIFIED_T.FacultyID = FACULTY_T.FacultyID AND QUALIFIED_T.CourseID = 'ISM 3113';

SELECT FACULTY_T.FacultyID, FACULTY_T.FacultyName FROM FACULTY_T, QUALIFIED_T WHERE QUALIFIED_T.FacultyID = FACULTY_T.FacultyID AND QUALIFIED_T.CourseID = 'ISM 3113' MINUS SELECT FACULTY_T.FacultyID, FACULTY_T.FacultyName FROM FACULTY_T, QUALIFIED_T WHERE QUALIFIED_T.FacultyID = FACULTY_T.FacultyID AND QUALIFIED_T.CourseID = 'ISM 4930';
CREATE TABLE COURSE_T
(
  CourseID      CHAR(8) NOT NULL,
  CourseName    VARCHAR2(15) NOT NULL,
  CONSTRAINT Course_PK PRIMARY KEY (CourseID)
);

INSERT INTO COURSE_T (CourseID, CourseName)
VALUES ('ISM 3113', 'Syst Analysis');
INSERT INTO COURSE_T (CourseID, CourseName)
VALUES ('ISM 3112', 'Syst Design');
INSERT INTO COURSE_T (CourseID, CourseName)
VALUES ('ISM 4212', 'Database');
INSERT INTO COURSE_T (CourseID, CourseName)
VALUES ('ISM 4930', 'Networking');

ALTER TABLE COURSE_T
MODIFY CourseName CHAR(40);
UPDATE COURSE_T
SET CourseName = 'Introduction to Relational Databases' WHERE CourseID = 'ISM 4212';

CREATE TABLE QUALIFIED_T
(
  FacultyID NUMBER NOT NULL ,
  CourseID CHAR(8) NOT NULL,
  DateQualified DATE NOT NULL,
  CONSTRAINT Qualified_PK PRIMARY KEY   (FacultyID,CourseID),
  CONSTRAINT QUALIFIED_FK1 FOREIGN KEY  (FacultyID)   REFERENCES Faculty_T(FacultyID),
  CONSTRAINT QUALIFIED_FK2 FOREIGN KEY  (CourseID)    REFERENCES Course_T(CourseID)
);

INSERT INTO QUALIFIED_T (FacultyID, CourseID, DateQualified)
VALUES (2143, 'ISM 3112', 9/1988);
INSERT INTO QUALIFIED_T (FacultyID, CourseID, DateQualified)
VALUES (2143, 'ISM 3113', 9/1988);
INSERT INTO QUALIFIED_T (FacultyID, CourseID, DateQualified)
VALUES (3467, 'ISM 4212', 9/1995);
INSERT INTO QUALIFIED_T (FacultyID, CourseID, DateQualified)
VALUES (3467, 'ISM 4930', 9/1996);
INSERT INTO QUALIFIED_T (FacultyID, CourseID, DateQualified)
VALUES (4756, 'ISM 3113', 9/1991);
INSERT INTO QUALIFIED_T (FacultyID, CourseID, DateQualified)
VALUES (4756, 'ISM 3112', 9/1991);

SELECT DateQualified AND FacultyID AND CourseID FROM QUALIFIED_T WHERE DateQualified > 1/1993;


CREATE TABLE SECTION_T
(
  SectionNo INTEGER NOT NULL,
  Semester VARCHAR2(7) NOT NULL,
  CourseID CHAR(8) NOT NULL ,
  CONSTRAINT SECTION_PK PRIMARY KEY   (SectionNo,Semester,CourseID),
  CONSTRAINT SECTION_FK FOREIGN KEY   (CourseID)   REFERENCES Course_T(CourseID)
);


INSERT INTO SECTION_T (SectionNo, Semester, CourseID)
VALUES (2712, 1-2008, 'ISM 3113');
INSERT INTO SECTION_T (SectionNo, Semester, CourseID)
VALUES (2713, 1-2008, 'ISM 3113');
INSERT INTO SECTION_T (SectionNo, Semester, CourseID)
VALUES (2714, 1-2008, 'ISM 4212');
INSERT INTO SECTION_T (SectionNo, Semester, CourseID)
VALUES (2715, 1-2008, 'ISM 4930');

SELECT COURSE_T.CourseID, COURSE_T.CourseName, SECTION_T.CourseID FROM COURSE_T, SECTION_T WHERE SECTION_T.CourseID = COURSE_T.CourseID;

CREATE TABLE REGISTRATION_T
(
  StudentID     INTEGER           not null,
  SectionNo     INTEGER           not null,
  Semester      VARCHAR2(7)       not null, --CHAR(7)
  CONSTRAINT REGISTRATION_PK  PRIMARY KEY   (SectionNo,StudentID,Semester),
  CONSTRAINT REGISTRATION_FK  FOREIGN KEY   (StudentID)   REFERENCES Student_T(StudentID)
);

INSERT INTO REGISTRATION_T (StudentID, SectionNo, Semester)
VALUES (38214, 2714, 'I-2008');
INSERT INTO SECTION_T (SectionNo, Semester, CourseID)
VALUES (54907, 2714, 'I-2008');
INSERT INTO SECTION_T (SectionNo, Semester, CourseID)
VALUES (38214, 2715, 'I-2008');
INSERT INTO SECTION_T (SectionNo, Semester, CourseID)
VALUES (66324, 2713, 'I-2008');



